{
    "blend": {
        "func": "add",
        "srcrgb": "srcalpha",
        "dstrgb": "1-srcalpha"
    },
    "vertex": "rendertype_text_see_through",
    "fragment": "rendertype_text_see_through",
    "attributes": ["Position", "Color", "UV0"],
    "samplers": [{ "name": "Sampler0" }],
    "uniforms": [
        {
            "name": "ModelViewMat",
            "type": "matrix4x4",
            "count": 16,
            "values": [
                1.0, 0.0, 0.0, 0.0, 0.0, 1.0, 0.0, 0.0, 0.0, 0.0, 1.0, 0.0, 0.0, 0.0, 0.0, 1.0
            ]
        },
        {
            "name": "ProjMat",
            "type": "matrix4x4",
            "count": 16,
            "values": [
                1.0, 0.0, 0.0, 0.0, 0.0, 1.0, 0.0, 0.0, 0.0, 0.0, 1.0, 0.0, 0.0, 0.0, 0.0, 1.0
            ]
        },
        { "name": "ColorModulator", "type": "float", "count": 4, "values": [1.0, 1.0, 1.0, 1.0] }
    ]
}
